"#紹介文",
"#",
"#ボナンザ６．０アレンジ式きふわらべ２駒関係",
"#",
"#----------------------------------------",
"# 
1P銀
",
"#----------------------------------------",
"#",
"#常に先手は正の数、後手は負の数の絶対値が大きい方が有利。０は互角。",

"Version",1.0,

"#----------------------------------------",
"#vs 1P歩",
"#----------------------------------------",
"# 　０枚                                           　１枚                                           　２枚                                           　３枚                                           　４枚                                      ",
       0,   0,   0,   0,   0,   0,   0,   0,   0,       0,   0,   0,   0,   0,   0,   0,   0,   0,       0,   0,   0,   0,   0,   0,   0,   0,   0,       0,   0,   0,   0,   0,   0,   0,   0,   0,       0,   0,   0,   0,   0,   0,   0,   0,   0,
       0,   0,   0,   0,   0,   0,   0,   0,   0,       0,   0,   0,   0,   0,   0,   0,   0,   0,       0,   0,   0,   0,   0,   0,   0,   0,   0,       0,   0,   0,   0,   0,   0,   0,   0,   0,       0,   0,   0,   0,   0,   0,   0,   0,   0,
       0,   0,   0,   0,   0,   0,   0,   0,   0,       0,   0,   0,   0,   0,   0,   0,   0,   0,       0,   0,   0,   0,   0,   0,   0,   0,   0,       0,   0,   0,   0,   0,   0,   0,   0,   0,       0,   0,   0,   0,   0,   0,   0,   0,   0,
       0,   0,   0,   0,   0,   0,   0,   0,   0,       0,   0,   0,   0,   0,   0,   0,   0,   0,       0,   0,   0,   0,   0,   0,   0,   0,   0,       0,   0,   0,   0,   0,   0,   0,   0,   0,       0,   0,   0,   0,   0,   0,   0,   0,   0,
       0,   0,   0,   0,   0,   0,   0,   0,   0,       0,   0,   0,   0,   0,   0,   0,   0,   0,       0,   0,   0,   0,   0,   0,   0,   0,   0,       0,   0,   0,   0,   0,   0,   0,   0,   0,       0,   0,   0,   0,   0,   0,   0,   0,   0,
       0,   0,   0,   0,   0,   0,   0,   0,   0,       0,   0,   0,   0,   0,   0,   0,   0,   0,       0,   0,   0,   0,   0,   0,   0,   0,   0,       0,   0,   0,   0,   0,   0,   0,   0,   0,       0,   0,   0,   0,   0,   0,   0,   0,   0,
       0,   0,   0,   0,   0,   0,   0,   0,   0,       0,   0,   0,   0,   0,   0,   0,   0,   0,       0,   0,   0,   0,   0,   0,   0,   0,   0,       0,   0,   0,   0,   0,   0,   0,   0,   0,       0,   0,   0,   0,   0,   0,   0,   0,   0,
       0,   0,   0,   0,   0,   0,   0,   0,   0,       0,   0,   0,   0,   0,   0,   0,   0,   0,       0,   0,   0,   0,   0,   0,   0,   0,   0,       0,   0,   0,   0,   0,   0,   0,   0,   0,       0,   0,   0,   0,   0,   0,   0,   0,   0,
       0,   0,   0,   0,   0,   0,   0,   0,   0,       0,   0,   0,   0,   0,   0,   0,   0,   0,       0,   0,   0,   0,   0,   0,   0,   0,   0,       0,   0,   0,   0,   0,   0,   0,   0,   0,       0,   0,   0,   0,   0,   0,   0,   0,   0,

"#----------------------------------------",
"#vs 1P香",
"#----------------------------------------",
"# 　０枚                                           　１枚                                           　２枚                                           　３枚                                           　４枚                                      ",
       0,   0,   0,   0,   0,   0,   0,   0,   0,       0,   0,   0,   0,   0,   0,   0,   0,   0,       0,   0,   0,   0,   0,   0,   0,   0,   0,       0,   0,   0,   0,   0,   0,   0,   0,   0,       0,   0,   0,   0,   0,   0,   0,   0,   0,
       0,   0,   0,   0,   0,   0,   0,   0,   0,       0,   0,   0,   0,   0,   0,   0,   0,   0,       0,   0,   0,   0,   0,   0,   0,   0,   0,       0,   0,   0,   0,   0,   0,   0,   0,   0,       0,   0,   0,   0,   0,   0,   0,   0,   0,
       0,   0,   0,   0,   0,   0,   0,   0,   0,       0,   0,   0,   0,   0,   0,   0,   0,   0,       0,   0,   0,   0,   0,   0,   0,   0,   0,       0,   0,   0,   0,   0,   0,   0,   0,   0,       0,   0,   0,   0,   0,   0,   0,   0,   0,
       0,   0,   0,   0,   0,   0,   0,   0,   0,       0,   0,   0,   0,   0,   0,   0,   0,   0,       0,   0,   0,   0,   0,   0,   0,   0,   0,       0,   0,   0,   0,   0,   0,   0,   0,   0,       0,   0,   0,   0,   0,   0,   0,   0,   0,
       0,   0,   0,   0,   0,   0,   0,   0,   0,       0,   0,   0,   0,   0,   0,   0,   0,   0,       0,   0,   0,   0,   0,   0,   0,   0,   0,       0,   0,   0,   0,   0,   0,   0,   0,   0,       0,   0,   0,   0,   0,   0,   0,   0,   0,
       0,   0,   0,   0,   0,   0,   0,   0,   0,       0,   0,   0,   0,   0,   0,   0,   0,   0,       0,   0,   0,   0,   0,   0,   0,   0,   0,       0,   0,   0,   0,   0,   0,   0,   0,   0,       0,   0,   0,   0,   0,   0,   0,   0,   0,
       0,   0,   0,   0,   0,   0,   0,   0,   0,       0,   0,   0,   0,   0,   0,   0,   0,   0,       0,   0,   0,   0,   0,   0,   0,   0,   0,       0,   0,   0,   0,   0,   0,   0,   0,   0,       0,   0,   0,   0,   0,   0,   0,   0,   0,
       0,   0,   0,   0,   0,   0,   0,   0,   0,       0,   0,   0,   0,   0,   0,   0,   0,   0,       0,   0,   0,   0,   0,   0,   0,   0,   0,       0,   0,   0,   0,   0,   0,   0,   0,   0,       0,   0,   0,   0,   0,   0,   0,   0,   0,
       0,   0,   0,   0,   0,   0,   0,   0,   0,       0,   0,   0,   0,   0,   0,   0,   0,   0,       0,   0,   0,   0,   0,   0,   0,   0,   0,       0,   0,   0,   0,   0,   0,   0,   0,   0,       0,   0,   0,   0,   0,   0,   0,   0,   0,

"#----------------------------------------",
"#vs 1P桂",
"#----------------------------------------",
"# 　０枚                                           　１枚                                           　２枚                                           　３枚                                           　４枚                                      ",
       0,   0,   0,   0,   0,   0,   0,   0,   0,       0,   0,   0,   0,   0,   0,   0,   0,   0,       0,   0,   0,   0,   0,   0,   0,   0,   0,       0,   0,   0,   0,   0,   0,   0,   0,   0,       0,   0,   0,   0,   0,   0,   0,   0,   0,
       0,   0,   0,   0,   0,   0,   0,   0,   0,       0,   0,   0,   0,   0,   0,   0,   0,   0,       0,   0,   0,   0,   0,   0,   0,   0,   0,       0,   0,   0,   0,   0,   0,   0,   0,   0,       0,   0,   0,   0,   0,   0,   0,   0,   0,
       0,   0,   0,   0,   0,   0,   0,   0,   0,       0,   0,   0,   0,   0,   0,   0,   0,   0,       0,   0,   0,   0,   0,   0,   0,   0,   0,       0,   0,   0,   0,   0,   0,   0,   0,   0,       0,   0,   0,   0,   0,   0,   0,   0,   0,
       0,   0,   0,   0,   0,   0,   0,   0,   0,       0,   0,   0,   0,   0,   0,   0,   0,   0,       0,   0,   0,   0,   0,   0,   0,   0,   0,       0,   0,   0,   0,   0,   0,   0,   0,   0,       0,   0,   0,   0,   0,   0,   0,   0,   0,
       0,   0,   0,   0,   0,   0,   0,   0,   0,       0,   0,   0,   0,   0,   0,   0,   0,   0,       0,   0,   0,   0,   0,   0,   0,   0,   0,       0,   0,   0,   0,   0,   0,   0,   0,   0,       0,   0,   0,   0,   0,   0,   0,   0,   0,
       0,   0,   0,   0,   0,   0,   0,   0,   0,       0,   0,   0,   0,   0,   0,   0,   0,   0,       0,   0,   0,   0,   0,   0,   0,   0,   0,       0,   0,   0,   0,   0,   0,   0,   0,   0,       0,   0,   0,   0,   0,   0,   0,   0,   0,
       0,   0,   0,   0,   0,   0,   0,   0,   0,       0,   0,   0,   0,   0,   0,   0,   0,   0,       0,   0,   0,   0,   0,   0,   0,   0,   0,       0,   0,   0,   0,   0,   0,   0,   0,   0,       0,   0,   0,   0,   0,   0,   0,   0,   0,
       0,   0,   0,   0,   0,   0,   0,   0,   0,       0,   0,   0,   0,   0,   0,   0,   0,   0,       0,   0,   0,   0,   0,   0,   0,   0,   0,       0,   0,   0,   0,   0,   0,   0,   0,   0,       0,   0,   0,   0,   0,   0,   0,   0,   0,
       0,   0,   0,   0,   0,   0,   0,   0,   0,       0,   0,   0,   0,   0,   0,   0,   0,   0,       0,   0,   0,   0,   0,   0,   0,   0,   0,       0,   0,   0,   0,   0,   0,   0,   0,   0,       0,   0,   0,   0,   0,   0,   0,   0,   0,

"#----------------------------------------",
"#vs 1P銀",
"#----------------------------------------",
"# 　０枚                                           　１枚                                           　２枚                                           　３枚                                           　４枚                                      ",
       0,   0,   0,   0,   0,   0,   0,   0,   0,       0,   0,   0,   0,   0,   0,   0,   0,   0,       0,   0,   0,   0,   0,   0,   0,   0,   0,       0,   0,   0,   0,   0,   0,   0,   0,   0,       0,   0,   0,   0,   0,   0,   0,   0,   0,
       0,   0,   0,   0,   0,   0,   0,   0,   0,       0,   0,   0,   0,   0,   0,   0,   0,   0,       0,   0,   0,   0,   0,   0,   0,   0,   0,       0,   0,   0,   0,   0,   0,   0,   0,   0,       0,   0,   0,   0,   0,   0,   0,   0,   0,
       0,   0,   0,   0,   0,   0,   0,   0,   0,       0,   0,   0,   0,   0,   0,   0,   0,   0,       0,   0,   0,   0,   0,   0,   0,   0,   0,       0,   0,   0,   0,   0,   0,   0,   0,   0,       0,   0,   0,   0,   0,   0,   0,   0,   0,
       0,   0,   0,   0,   0,   0,   0,   0,   0,       0,   0,   0,   0,   0,   0,   0,   0,   0,       0,   0,   0,   0,   0,   0,   0,   0,   0,       0,   0,   0,   0,   0,   0,   0,   0,   0,       0,   0,   0,   0,   0,   0,   0,   0,   0,
       0,   0,   0,   0,   0,   0,   0,   0,   0,       0,   0,   0,   0,   0,   0,   0,   0,   0,       0,   0,   0,   0,   0,   0,   0,   0,   0,       0,   0,   0,   0,   0,   0,   0,   0,   0,       0,   0,   0,   0,   0,   0,   0,   0,   0,
       0,   0,   0,   0,   0,   0,   0,   0,   0,       0,   0,   0,   0,   0,   0,   0,   0,   0,       0,   0,   0,   0,   0,   0,   0,   0,   0,       0,   0,   0,   0,   0,   0,   0,   0,   0,       0,   0,   0,   0,   0,   0,   0,   0,   0,
       0,   0,   0,   0,   0,   0,   0,   0,   0,       0,   0,   0,   0,   0,   0,   0,   0,   0,       0,   0,   0,   0,   0,   0,   0,   0,   0,       0,   0,   0,   0,   0,   0,   0,   0,   0,       0,   0,   0,   0,   0,   0,   0,   0,   0,
       0,   0,   0,   0,   0,   0,   0,   0,   0,       0,   0,   0,   0,   0,   0,   0,   0,   0,       0,   0,   0,   0,   0,   0,   0,   0,   0,       0,   0,   0,   0,   0,   0,   0,   0,   0,       0,   0,   0,   0,   0,   0,   0,   0,   0,
       0,   0,   0,   0,   0,   0,   0,   0,   0,       0,   0,   0,   0,   0,   0,   0,   0,   0,       0,   0,   0,   0,   0,   0,   0,   0,   0,       0,   0,   0,   0,   0,   0,   0,   0,   0,       0,   0,   0,   0,   0,   0,   0,   0,   0,

"#----------------------------------------",
"#vs 1P金",
"#----------------------------------------",
"# 　０枚                                           　１枚                                           　２枚                                           　３枚                                           　４枚                                      ",
       0,   0,   0,   0,   0,   0,   0,   0,   0,       0,   0,   0,   0,   0,   0,   0,   0,   0,       0,   0,   0,   0,   0,   0,   0,   0,   0,       0,   0,   0,   0,   0,   0,   0,   0,   0,       0,   0,   0,   0,   0,   0,   0,   0,   0,
       0,   0,   0,   0,   0,   0,   0,   0,   0,       0,   0,   0,   0,   0,   0,   0,   0,   0,       0,   0,   0,   0,   0,   0,   0,   0,   0,       0,   0,   0,   0,   0,   0,   0,   0,   0,       0,   0,   0,   0,   0,   0,   0,   0,   0,
       0,   0,   0,   0,   0,   0,   0,   0,   0,       0,   0,   0,   0,   0,   0,   0,   0,   0,       0,   0,   0,   0,   0,   0,   0,   0,   0,       0,   0,   0,   0,   0,   0,   0,   0,   0,       0,   0,   0,   0,   0,   0,   0,   0,   0,
       0,   0,   0,   0,   0,   0,   0,   0,   0,       0,   0,   0,   0,   0,   0,   0,   0,   0,       0,   0,   0,   0,   0,   0,   0,   0,   0,       0,   0,   0,   0,   0,   0,   0,   0,   0,       0,   0,   0,   0,   0,   0,   0,   0,   0,
       0,   0,   0,   0,   0,   0,   0,   0,   0,       0,   0,   0,   0,   0,   0,   0,   0,   0,       0,   0,   0,   0,   0,   0,   0,   0,   0,       0,   0,   0,   0,   0,   0,   0,   0,   0,       0,   0,   0,   0,   0,   0,   0,   0,   0,
       0,   0,   0,   0,   0,   0,   0,   0,   0,       0,   0,   0,   0,   0,   0,   0,   0,   0,       0,   0,   0,   0,   0,   0,   0,   0,   0,       0,   0,   0,   0,   0,   0,   0,   0,   0,       0,   0,   0,   0,   0,   0,   0,   0,   0,
       0,   0,   0,   0,   0,   0,   0,   0,   0,       0,   0,   0,   0,   0,   0,   0,   0,   0,       0,   0,   0,   0,   0,   0,   0,   0,   0,       0,   0,   0,   0,   0,   0,   0,   0,   0,       0,   0,   0,   0,   0,   0,   0,   0,   0,
       0,   0,   0,   0,   0,   0,   0,   0,   0,       0,   0,   0,   0,   0,   0,   0,   0,   0,       0,   0,   0,   0,   0,   0,   0,   0,   0,       0,   0,   0,   0,   0,   0,   0,   0,   0,       0,   0,   0,   0,   0,   0,   0,   0,   0,
       0,   0,   0,   0,   0,   0,   0,   0,   0,       0,   0,   0,   0,   0,   0,   0,   0,   0,       0,   0,   0,   0,   0,   0,   0,   0,   0,       0,   0,   0,   0,   0,   0,   0,   0,   0,       0,   0,   0,   0,   0,   0,   0,   0,   0,

"#----------------------------------------",
"#vs 1P飛",
"#----------------------------------------",
"# 　０枚                                           　１枚                                           　２枚                                           　３枚                                           　４枚                                      ",
       0,   0,   0,   0,   0,   0,   0,   0,   0,       0,   0,   0,   0,   0,   0,   0,   0,   0,       0,   0,   0,   0,   0,   0,   0,   0,   0,       0,   0,   0,   0,   0,   0,   0,   0,   0,       0,   0,   0,   0,   0,   0,   0,   0,   0,
       0,   0,   0,   0,   0,   0,   0,   0,   0,       0,   0,   0,   0,   0,   0,   0,   0,   0,       0,   0,   0,   0,   0,   0,   0,   0,   0,       0,   0,   0,   0,   0,   0,   0,   0,   0,       0,   0,   0,   0,   0,   0,   0,   0,   0,
       0,   0,   0,   0,   0,   0,   0,   0,   0,       0,   0,   0,   0,   0,   0,   0,   0,   0,       0,   0,   0,   0,   0,   0,   0,   0,   0,       0,   0,   0,   0,   0,   0,   0,   0,   0,       0,   0,   0,   0,   0,   0,   0,   0,   0,
       0,   0,   0,   0,   0,   0,   0,   0,   0,       0,   0,   0,   0,   0,   0,   0,   0,   0,       0,   0,   0,   0,   0,   0,   0,   0,   0,       0,   0,   0,   0,   0,   0,   0,   0,   0,       0,   0,   0,   0,   0,   0,   0,   0,   0,
       0,   0,   0,   0,   0,   0,   0,   0,   0,       0,   0,   0,   0,   0,   0,   0,   0,   0,       0,   0,   0,   0,   0,   0,   0,   0,   0,       0,   0,   0,   0,   0,   0,   0,   0,   0,       0,   0,   0,   0,   0,   0,   0,   0,   0,
       0,   0,   0,   0,   0,   0,   0,   0,   0,       0,   0,   0,   0,   0,   0,   0,   0,   0,       0,   0,   0,   0,   0,   0,   0,   0,   0,       0,   0,   0,   0,   0,   0,   0,   0,   0,       0,   0,   0,   0,   0,   0,   0,   0,   0,
       0,   0,   0,   0,   0,   0,   0,   0,   0,       0,   0,   0,   0,   0,   0,   0,   0,   0,       0,   0,   0,   0,   0,   0,   0,   0,   0,       0,   0,   0,   0,   0,   0,   0,   0,   0,       0,   0,   0,   0,   0,   0,   0,   0,   0,
       0,   0,   0,   0,   0,   0,   0,   0,   0,       0,   0,   0,   0,   0,   0,   0,   0,   0,       0,   0,   0,   0,   0,   0,   0,   0,   0,       0,   0,   0,   0,   0,   0,   0,   0,   0,       0,   0,   0,   0,   0,   0,   0,   0,   0,
       0,   0,   0,   0,   0,   0,   0,   0,   0,       0,   0,   0,   0,   0,   0,   0,   0,   0,       0,   0,   0,   0,   0,   0,   0,   0,   0,       0,   0,   0,   0,   0,   0,   0,   0,   0,       0,   0,   0,   0,   0,   0,   0,   0,   0,

"#----------------------------------------",
"#vs 1P角",
"#----------------------------------------",
"# 　０枚                                           　１枚                                           　２枚                                           　３枚                                           　４枚                                      ",
       0,   0,   0,   0,   0,   0,   0,   0,   0,       0,   0,   0,   0,   0,   0,   0,   0,   0,       0,   0,   0,   0,   0,   0,   0,   0,   0,       0,   0,   0,   0,   0,   0,   0,   0,   0,       0,   0,   0,   0,   0,   0,   0,   0,   0,
       0,   0,   0,   0,   0,   0,   0,   0,   0,       0,   0,   0,   0,   0,   0,   0,   0,   0,       0,   0,   0,   0,   0,   0,   0,   0,   0,       0,   0,   0,   0,   0,   0,   0,   0,   0,       0,   0,   0,   0,   0,   0,   0,   0,   0,
       0,   0,   0,   0,   0,   0,   0,   0,   0,       0,   0,   0,   0,   0,   0,   0,   0,   0,       0,   0,   0,   0,   0,   0,   0,   0,   0,       0,   0,   0,   0,   0,   0,   0,   0,   0,       0,   0,   0,   0,   0,   0,   0,   0,   0,
       0,   0,   0,   0,   0,   0,   0,   0,   0,       0,   0,   0,   0,   0,   0,   0,   0,   0,       0,   0,   0,   0,   0,   0,   0,   0,   0,       0,   0,   0,   0,   0,   0,   0,   0,   0,       0,   0,   0,   0,   0,   0,   0,   0,   0,
       0,   0,   0,   0,   0,   0,   0,   0,   0,       0,   0,   0,   0,   0,   0,   0,   0,   0,       0,   0,   0,   0,   0,   0,   0,   0,   0,       0,   0,   0,   0,   0,   0,   0,   0,   0,       0,   0,   0,   0,   0,   0,   0,   0,   0,
       0,   0,   0,   0,   0,   0,   0,   0,   0,       0,   0,   0,   0,   0,   0,   0,   0,   0,       0,   0,   0,   0,   0,   0,   0,   0,   0,       0,   0,   0,   0,   0,   0,   0,   0,   0,       0,   0,   0,   0,   0,   0,   0,   0,   0,
       0,   0,   0,   0,   0,   0,   0,   0,   0,       0,   0,   0,   0,   0,   0,   0,   0,   0,       0,   0,   0,   0,   0,   0,   0,   0,   0,       0,   0,   0,   0,   0,   0,   0,   0,   0,       0,   0,   0,   0,   0,   0,   0,   0,   0,
       0,   0,   0,   0,   0,   0,   0,   0,   0,       0,   0,   0,   0,   0,   0,   0,   0,   0,       0,   0,   0,   0,   0,   0,   0,   0,   0,       0,   0,   0,   0,   0,   0,   0,   0,   0,       0,   0,   0,   0,   0,   0,   0,   0,   0,
       0,   0,   0,   0,   0,   0,   0,   0,   0,       0,   0,   0,   0,   0,   0,   0,   0,   0,       0,   0,   0,   0,   0,   0,   0,   0,   0,       0,   0,   0,   0,   0,   0,   0,   0,   0,       0,   0,   0,   0,   0,   0,   0,   0,   0,

"#----------------------------------------",
"#vs 2P歩",
"#----------------------------------------",
"# 　０枚                                           　１枚                                           　２枚                                           　３枚                                           　４枚                                      ",
       0,   0,   0,   0,   0,   0,   0,   0,   0,       0,   0,   0,   0, 655,   0, 654,   0,   0,       0,   0,   0,   0,   0,   0,   0,   0,   0,       0,   0,   0,   0,   0,   0,   0,   0,   0,       0,   0,   0,   0,   0,   0,   0,   0,   0,
       0,   0,   0,   0,   0,   0,   0,   0,   0,       0,   0,   0,   0, 655, -11, 654,   0,   0,       0,   0,   0,   0,   0,   0,   0,   0,   0,       0,   0,   0,   0,   0,   0,   0,   0,   0,       0,   0,   0,   0,   0,   0,   0,   0,   0,
      -4,   0,   0,   0,   0,   0,   0,  -4,  -4,    -446, 655,-289,-446,-289, 655,-446, 657,-294,     -20,   0, 586, -14,   0,   0,   0, 586, -45,       0,   0,   0,   0,   0,   0,   0,   0,   0,       0,   0,   0,   0,   0,   0,   0,   0,   0,
       0,   0,   0,  -4,   0,   0,  -4,   0,   0,     655, 655, 656, 655, 655,-447, 657, 657, 657,       0,   0,   0,  -2,   0,   0, -11,   0,   0,       0,   0,   0,   0,   0,   0,   0,   0,   0,       0,   0,   0,   0,   0,   0,   0,   0,   0,
       0,  -4,  -4,   0,   0,   0,   0,   0,   0,       0, 655,   0,   0, 655, 655,-447,   0,   0,       0, -18,   0,   0, 586,   0,   0,   0,   0,       0,   0,   0,   0,   0,   0,   0,   0,   0,       0,   0,   0,   0,   0,   0,   0,   0,   0,
       0,   0,   0,   0,   0,   0,   0,   0,   0,      -1, 655,   0,   0, 655, 655, 654,   0,   0,       0,   0,   0,   0,   0,   0,   0,   0,   0,       0,   0,   0,   0,   0,   0,   0,   0,   0,       0,   0,   0,   0,   0,   0,   0,   0,   0,
       0,   0,   0,   0,   0,   0,   0,   0,   0,       0,   0,   0,   0, 655,   1,   0,   0,   0,       0,   0,   0,   0,   0,   0,   0,   0,   0,       0,   0,   0,   0,   0,   0,   0,   0,   0,       0,   0,   0,   0,   0,   0,   0,   0,   0,
       0,   0,   0,   0,   0,   0,   0,   0,   0,       0,   0,   0,   0, 655,  11, 654,   0,   0,       0,   0,   0,   0,   0,   0,   0,   0,   0,       0,   0,   0,   0,   0,   0,   0,   0,   0,       0,   0,   0,   0,   0,   0,   0,   0,   0,
       0,   0,   0,   0,   0,   0,   0,   0,   0,       0,   0,   0,   0,   0,   0,   0,   0,   0,       0,   0,   0,   0,   0,   0,   0,   0,   0,       0,   0,   0,   0,   0,   0,   0,   0,   0,       0,   0,   0,   0,   0,   0,   0,   0,   0,

"#----------------------------------------",
"#vs 2P香",
"#----------------------------------------",
"# 　０枚                                           　１枚                                           　２枚                                           　３枚                                           　４枚                                      ",
      -4,   0,   0,   0,   0,   0,   0,   0,  -4,    -287,   0,   0,   0,   0,   0,   0,   0,-287,     -45,   0,   0,   0,   0,   0,   0,   0, -45,       0,   0,   0,   0,   0,   0,   0,   0,   0,       0,   0,   0,   0,   0,   0,   0,   0,   0,
       0,   0,   0,   0,   0,   0,   0,   0,   0,     660,   0,   0,   0,   0,   0,   0,   0, 656,       0,   0,   0,   0,   0,   0,   0,   0,   0,       0,   0,   0,   0,   0,   0,   0,   0,   0,       0,   0,   0,   0,   0,   0,   0,   0,   0,
       0,   0,   0,   0,   0,   0,   0,   0,   0,       1,   0,   0,   0,   0,   0,   0,   0,   0,       0,   0,   0,   0,   0,   0,   0,   0,   0,       0,   0,   0,   0,   0,   0,   0,   0,   0,       0,   0,   0,   0,   0,   0,   0,   0,   0,
       0,   0,   0,   0,   0,   0,   0,   0,   0,       0,   0,   0,   0,   0,   0,   0,   0,   0,       0,   0,   0,   0,   0,   0,   0,   0,   0,       0,   0,   0,   0,   0,   0,   0,   0,   0,       0,   0,   0,   0,   0,   0,   0,   0,   0,
       0,   0,   0,   0,   0,   0,   0,   0,   0,       0,   0,   0,   0,   0,   0,   0,   0,   0,       0,   0,   0,   0,   0,   0,   0,   0,   0,       0,   0,   0,   0,   0,   0,   0,   0,   0,       0,   0,   0,   0,   0,   0,   0,   0,   0,
       0,   0,   0,   0,   0,   0,   0,   0,   0,       0,   0,   0,   0,   0,   0,   0,   0,   0,       0,   0,   0,   0,   0,   0,   0,   0,   0,       0,   0,   0,   0,   0,   0,   0,   0,   0,       0,   0,   0,   0,   0,   0,   0,   0,   0,
       0,   0,   0,   0,   0,   0,   0,   0,   0,       0,   0,   0,   0,   0,   0,   0,   0,   0,       0,   0,   0,   0,   0,   0,   0,   0,   0,       0,   0,   0,   0,   0,   0,   0,   0,   0,       0,   0,   0,   0,   0,   0,   0,   0,   0,
       0,   0,   0,   0,   0,   0,   0,   0,   0,       0,   0,   0,   0,   0,   0,   0,   0,   0,       0,   0,   0,   0,   0,   0,   0,   0,   0,       0,   0,   0,   0,   0,   0,   0,   0,   0,       0,   0,   0,   0,   0,   0,   0,   0,   0,
       0,   0,   0,   0,   0,   0,   0,   0,   0,       0,   0,   0,   0,   0,   0,   0,   0,   0,       0,   0,   0,   0,   0,   0,   0,   0,   0,       0,   0,   0,   0,   0,   0,   0,   0,   0,       0,   0,   0,   0,   0,   0,   0,   0,   0,

"#----------------------------------------",
"#vs 2P桂",
"#----------------------------------------",
"# 　０枚                                           　１枚                                           　２枚                                           　３枚                                           　４枚                                      ",
       0,  -4,   0,   0,   0,   0,   0,  -4,   0,       0,-294,   0,   0,   0,   0,   0,-288,   0,       0,   0,   0,   0,   0,   0,   0, -18,   0,       0,   0,   0,   0,   0,   0,   0,   0,   0,       0,   0,   0,   0,   0,   0,   0,   0,   0,
       0,   0,   0,   0,   0,   0,   0,   0,   0,       0,   0,   0,   0,   0,   0,   0,   0,   0,       0,   0,   0,   0,   0,   0,   0,   0,   0,       0,   0,   0,   0,   0,   0,   0,   0,   0,       0,   0,   0,   0,   0,   0,   0,   0,   0,
       0,   0,   0,   0,   0,   0,   0,   0,   0,       0,   0, -68,   0,   0,   0,-288,   0,   0,       0,   0,   0,   0,   0,   0,   0,   0,   0,       0,   0,   0,   0,   0,   0,   0,   0,   0,       0,   0,   0,   0,   0,   0,   0,   0,   0,
       0,   0,   0,   0,   0,   0,   0,   0,   0,       0,   0,   0,   0,   0,   0,   0,   0,   0,       0,   0,   0,   0,   0,   0,   0,   0,   0,       0,   0,   0,   0,   0,   0,   0,   0,   0,       0,   0,   0,   0,   0,   0,   0,   0,   0,
       0,   0,   0,   0,   0,   0,   0,   0,   0,       0,   0,   0,   0,   0,   0,   0,   0,   0,       0,   0,   0,   0,   0,   0,   0,   0,   0,       0,   0,   0,   0,   0,   0,   0,   0,   0,       0,   0,   0,   0,   0,   0,   0,   0,   0,
       0,   0,   0,   0,   0,   0,   0,   0,   0,       0,   0,   0,   0,   0,   0,   0,   0,   0,       0,   0,   0,   0,   0,   0,   0,   0,   0,       0,   0,   0,   0,   0,   0,   0,   0,   0,       0,   0,   0,   0,   0,   0,   0,   0,   0,
       0,   0,   0,   0,   0,   0,   0,   0,   0,       0,   0,   0,   0,   0,   0,   0,   0,   0,       0,   0,   0,   0,   0,   0,   0,   0,   0,       0,   0,   0,   0,   0,   0,   0,   0,   0,       0,   0,   0,   0,   0,   0,   0,   0,   0,
       0,   0,   0,   0,   0,   0,   0,   0,   0,       0,   0,   0,   0,  -1,   0,   0,   0,   0,       0,   0,   0,   0,   0,   0,   0,   0,   0,       0,   0,   0,   0,   0,   0,   0,   0,   0,       0,   0,   0,   0,   0,   0,   0,   0,   0,
       0,   0,   0,   0,   0,   0,   0,   0,   0,       0,   0,   0,   0,   0,   0,   0,   0,   0,       0,   0,   0,   0,   0,   0,   0,   0,   0,       0,   0,   0,   0,   0,   0,   0,   0,   0,       0,   0,   0,   0,   0,   0,   0,   0,   0,

"#----------------------------------------",
"#vs 2P銀",
"#----------------------------------------",
"# 　０枚                                           　１枚                                           　２枚                                           　３枚                                           　４枚                                      ",
       0,   0,   0,   0,   0,   0,   0,   0,   0,       0,   0, 540,  11, 343,   0, 542,   0,   0,       0,   0,   0,   0,   0,   0,   0,   0,   0,       0,   0,   0,   0,   0,   0,   0,   0,   0,       0,   0,   0,   0,   0,   0,   0,   0,   0,
       0,   0,   0,   0,   0,   0,   0,   0,   0,      11,   0,-293, 538, 343, 542, -36, 542, 113,       0,   0,   0,   0,   0,   0,   0,   0,   0,       0,   0,   0,   0,   0,   0,   0,   0,   0,       0,   0,   0,   0,   0,   0,   0,   0,   0,
       0,   0,   0,   0,   0,   0,   0,   0,   0,       0,   2,   0,   0, 541,   0, 542,   0,   0,       0,   0,   0,   0,   0,   0,   0,   0,   0,       0,   0,   0,   0,   0,   0,   0,   0,   0,       0,   0,   0,   0,   0,   0,   0,   0,   0,
       0,   0,   0,   0,   0,   0,   0,   0,   0,      11,  11,  11,  11, 541, 541,   0, 541, 113,       0,   0,   0,   0,   0,   0,   0,   0,   0,       0,   0,   0,   0,   0,   0,   0,   0,   0,       0,   0,   0,   0,   0,   0,   0,   0,   0,
       0,   0,   0,  -4,   0,   0,   0,   0,   0,      11,  11,  11, 540,   0,   1, 542,   2, 113,       0,   0,   0,   0,   0,   0,   0,   0,   0,       0,   0,   0,   0,   0,   0,   0,   0,   0,       0,   0,   0,   0,   0,   0,   0,   0,   0,
       0,   0,   0,   0,   0,   0,   0,   0,   0,      11,  11, 540,  11,   2, 541,   1, 112, 113,       0,   0,   0,   0,   0,   0,   0,   0,   0,       0,   0,   0,   0,   0,   0,   0,   0,   0,       0,   0,   0,   0,   0,   0,   0,   0,   0,
       0,   0,   0,   0,   0,   0,   0,   0,   0,       0,   0, 540, 540,   9, 541,  11, 113,   0,       0,   0,   0,   0,   0,   0,   0,   0,   0,       0,   0,   0,   0,   0,   0,   0,   0,   0,       0,   0,   0,   0,   0,   0,   0,   0,   0,
       0,   0,   0,   0,   0,   0,   0,   0,   0,      11,  11,   1,   1, 541, 541,  11,  11, 113,       0,   0,   0,   0,   0,   0,   0,   0,   0,       0,   0,   0,   0,   0,   0,   0,   0,   0,       0,   0,   0,   0,   0,   0,   0,   0,   0,
       0,   0,   0,   0,   0,   0,   0,   0,   0,       0,   0,  11,  11, 343, 541,  11, 104,   0,       0,   0,   0,   0,   0,   0,   0,   0,   0,       0,   0,   0,   0,   0,   0,   0,   0,   0,       0,   0,   0,   0,   0,   0,   0,   0,   0,

"#----------------------------------------",
"#vs 2P金",
"#----------------------------------------",
"# 　０枚                                           　１枚                                           　２枚                                           　３枚                                           　４枚                                      ",
       0,   0,   0,   0,   0,   0,   0,   0,   0,       0,   0, 260, 540, 540,-294, 541,   0,   0,       0,   0,   0,   0,   0,   1,   0,   0,   0,       0,   0,   0,   0,   0,   0,   0,   0,   0,       0,   0,   0,   0,   0,   0,   0,   0,   0,
       0,   0,   0,   0,   0,   0,   0,   0,   0,       0,   0, 537, 540,-292, 539, 541, 169,   0,       0,   0,   0,   0,   0,   0,   0,   0,   0,       0,   0,   0,   0,   0,   0,   0,   0,   0,       0,   0,   0,   0,   0,   0,   0,   0,   0,
       0,   0,   0,  -4,   0,  -4,   0,   0,   0,       0,   0,   3,  11, 540, 539,   7,   0,   0,       0,   0,   0,   1,   0, -45,   0,   0,   0,       0,   0,   0,   0,   0,   0,   0,   0,   0,       0,   0,   0,   0,   0,   0,   0,   0,   0,
       0,   0,   0,   0,   0,   0,   0,   0,   0,       0,   0,   1,   0, 540, 515,   0,   0,   0,       0,   0,   0,   0,   0,   0,   0,   0,   0,       0,   0,   0,   0,   0,   0,   0,   0,   0,       0,   0,   0,   0,   0,   0,   0,   0,   0,
       0,   0,   0,   0,   0,   0,   0,   0,   0,       0,   0,   0,   0,   0,   3,   0,   0,   0,       0,   0,   0,   0,   0,   0,   0,   0,   0,       0,   0,   0,   0,   0,   0,   0,   0,   0,       0,   0,   0,   0,   0,   0,   0,   0,   0,
       0,   0,   0,   0,   0,   0,   0,   0,   0,       0,   0,   0,   0,   0,   1,   2,   0,   0,       0,   0,   0,   0,   0,   0,   0,   0,   0,       0,   0,   0,   0,   0,   0,   0,   0,   0,       0,   0,   0,   0,   0,   0,   0,   0,   0,
       0,   0,   0,   0,   0,   0,   0,   0,   0,       0,   0,   0,   0,   1,   0,   0,   0,   0,       0,   0,   0,   0,   0,   0,   0,   0,   0,       0,   0,   0,   0,   0,   0,   0,   0,   0,       0,   0,   0,   0,   0,   0,   0,   0,   0,
       0,   0,   0,   0,   0,   0,   0,   0,   0,       0,   0,   0,   1,   1,   0,   0,   0,   0,       0,   0,   0,   0,   0,   0,   0,   0,   0,       0,   0,   0,   0,   0,   0,   0,   0,   0,       0,   0,   0,   0,   0,   0,   0,   0,   0,
       0,   0,   0,   0,   0,   0,   0,   0,   0,       0,   0,   1,   0,  -3,   0,   0,   0,   0,       0,   0,   0,   0,   0,   0,   0,   0,   0,       0,   0,   0,   0,   0,   0,   0,   0,   0,       0,   0,   0,   0,   0,   0,   0,   0,   0,

"#----------------------------------------",
"#vs 2P飛",
"#----------------------------------------",
"# 　０枚                                           　１枚                                           　２枚                                           　３枚                                           　４枚                                      ",
       0,   0,   0,   0,   0,   0,   0,   0,   0,       0,   0,   0,   0,   1, 536,  91,   1,   0,       0,   0,   0,   0,   0,   0,   0,   0,   0,       0,   0,   0,   0,   0,   0,   0,   0,   0,       0,   0,   0,   0,   0,   0,   0,   0,   0,
       0,   0,   0,   0,   0,   0,   0,   0,   0,     537, 469, 537, 538, 538,-281, 535,   2,  91,       0,   1,   0,   0,   0,   0,   0,   0,   0,       0,   0,   0,   0,   0,   0,   0,   0,   0,       0,   0,   0,   0,   0,   0,   0,   0,   0,
       0,   0,   0,   0,   0,   0,   0,   0,   0,       0,   0,   0,   0,   1, 129,  91,-228,   0,       0,   0,   0,   0,   0,   0,   0,   0,   0,       0,   0,   0,   0,   0,   0,   0,   0,   0,       0,   0,   0,   0,   0,   0,   0,   0,   0,
       0,   0,   0,   0,   0,   0,   0,   0,   0,       1, 537,   1,   1, 538,   1,   1,-292,  91,       0,   0,   0,   0,   0,   0,   0,   0,   0,       0,   0,   0,   0,   0,   0,   0,   0,   0,       0,   0,   0,   0,   0,   0,   0,   0,   0,
       0,   0,   0,   0,   0,   0,   0,   0,   0,       0,   1,   1,   1, 965,   1,   1,   1,  91,       0,   0,   0,   0,   0,   0,   0,   0,   0,       0,   0,   0,   0,   0,   0,   0,   0,   0,       0,   0,   0,   0,   0,   0,   0,   0,   0,
       0,   0,   0,   0,   0,   0,   0,   0,   0,       0, 537,   0,   1,   1,   0,   1,   1,  91,       0,   0,   0,   0,   0,   0,   0,   0,   0,       0,   0,   0,   0,   0,   0,   0,   0,   0,       0,   0,   0,   0,   0,   0,   0,   0,   0,
       0,   0,   0,   0,   0,   0,   0,   0,   0,       0,   0,   0,   0,   1,   0,   0,   1,   0,       0,   0,   0,   0,   0,   0,   0,   0,   0,       0,   0,   0,   0,   0,   0,   0,   0,   0,       0,   0,   0,   0,   0,   0,   0,   0,   0,
       0,   0,   0,   0,   0,   0,   0,   0,   0,       0,   0,   0,   1,   1,   0,   1,-292,   1,       0,   0,   0,   0,   0,   0,   0,   0,   0,       0,   0,   0,   0,   0,   0,   0,   0,   0,       0,   0,   0,   0,   0,   0,   0,   0,   0,
       0,   0,   0,   0,   0,   0,  -4,   0,   0,       0,   0,   0,   0,  91,   1,   1,-292,   1,       0,   0,   0,   0,   0,   0,   0,   0,   0,       0,   0,   0,   0,   0,   0,   0,   0,   0,       0,   0,   0,   0,   0,   0,   0,   0,   0,

"#----------------------------------------",
"#vs 2P角",
"#----------------------------------------",
"# 　０枚                                           　１枚                                           　２枚                                           　３枚                                           　４枚                                      ",
       0,   0,   0,   0,   0,   0,   0,   0,   0,       0,   0,   0,   0, 585,   1,-281,   0,   0,       0,   0,   0,   0,   0,   0,   0,   0,   0,       0,   0,   0,   0,   0,   0,   0,   0,   0,       0,   0,   0,   0,   0,   0,   0,   0,   0,
       0,   0,   0,   0,   0,   0,   0,   0,   0,       0,   0,   1,   0, 260, 586,   1, 537,   0,       0,   0,   0,   0,   0,   0,   0,   1,   0,       0,   0,   0,   0,   0,   0,   0,   0,   0,       0,   0,   0,   0,   0,   0,   0,   0,   0,
       0,   0,   0,   0,   0,   0,   0,   0,   0,       0,   0,   1,   0, 260,   0, 537,   0,   0,       0,   0,   0,   0,   0,   0,   0,   0,   0,       0,   0,   0,   0,   0,   0,   0,   0,   0,       0,   0,   0,   0,   0,   0,   0,   0,   0,
       0,   0,   0,   0,   0,   0,   0,   0,   0,       0,   0,   0,   1,   0,   2,   0, 537,   1,       0,   0,   0,   0,   0,   0,   0,   0,   0,       0,   0,   0,   0,   0,   0,   0,   0,   0,       0,   0,   0,   0,   0,   0,   0,   0,   0,
       0,   0,   0,   0,  -4,   0,   0,   0,   0,       0,   1,   1,   1,   2,   1,   1,   2, 537,       0,   0,   0,   0,   0,   0,   0,   0,   0,       0,   0,   0,   0,   0,   0,   0,   0,   0,       0,   0,   0,   0,   0,   0,   0,   0,   0,
       0,   0,   0,   0,   0,   0,   0,   0,   0,       0,   0,   0, 260,   1,   1, 586,   1,   0,       0,   0,   0,   0,   0,   0,   0,   0,   0,       0,   0,   0,   0,   0,   0,   0,   0,   0,       0,   0,   0,   0,   0,   0,   0,   0,   0,
       0,   0,   0,   0,   0,   0,   0,   0,   0,       0,   0,   1,   1,   1,   1,   1,   2,   0,       0,   0,   0,   0,   0,   0,   0,   0,   0,       0,   0,   0,   0,   0,   0,   0,   0,   0,       0,   0,   0,   0,   0,   0,   0,   0,   0,
       0,   0,   0,   0,   0,   0,   0,   0,   0,       0, 965,   1,   1,   0, 260, 260,   1,   1,       0,   0,   0,   0,   0,   0,   0,   0,   0,       0,   0,   0,   0,   0,   0,   0,   0,   0,       0,   0,   0,   0,   0,   0,   0,   0,   0,
       0,   0,   0,   0,   0,   0,   0,   0,   0,       0,   0,   1,   1, 260, 260,   1,   0, -20,       0,   0,   0,   0,   0,   0,   0,   0,   0,       0,   0,   0,   0,   0,   0,   0,   0,   0,       0,   0,   0,   0,   0,   0,   0,   0,   0,

"#----------------------------------------",
"#vs 持ち駒 1P歩x0～18",
"#----------------------------------------",
       0,   0,   0,   0,   0,   0,   0,   0,   0,   0,   0,   0,   0,   0,   0,   0,   0,   0,   0,
       0,   0,   0,   0,   0,   0,   0,   0,   0,   0,   0,   0,   0,   0,   0,   0,   0,   0,   0,
       0,   0,   0,   0,   0,   0,   0,   0,   0,   0,   0,   0,   0,   0,   0,   0,   0,   0,   0,
       0,   0,   0,   0,   0,   0,   0,   0,   0,   0,   0,   0,   0,   0,   0,   0,   0,   0,   0,
       0,   0,   0,   0,   0,   0,   0,   0,   0,   0,   0,   0,   0,   0,   0,   0,   0,   0,   0,
"#----------------------------------------",
"#vs 持ち駒 1P香x0～5",
"#----------------------------------------",
       0,   0,   0,   0,   0,
       0,   0,   0,   0,   0,
       0,   0,   0,   0,   0,
       0,   0,   0,   0,   0,
       0,   0,   0,   0,   0,
"#----------------------------------------",
"#vs 持ち駒 1P桂x0～5",
"#----------------------------------------",
       0,   0,   0,   0,   0,
       0,   0,   0,   0,   0,
       0,   0,   0,   0,   0,
       0,   0,   0,   0,   0,
       0,   0,   0,   0,   0,
"#----------------------------------------",
"#vs 持ち駒 1P銀x0～5",
"#----------------------------------------",
       0,   0,   0,   0,   0,
       0,-446,   0,   0,   0,
       0,   0,   0,   0,   0,
       0,   0,   0,   0,   0,
       0,   0,   0,   0,   0,
"#----------------------------------------",
"#vs 持ち駒 1P金x0～5",
"#----------------------------------------",
       0,   0,   0,   0,   0,
       0,  -2,   0,   0,   0,
       0,   0,   0,   0,   0,
       0,   0,   0,   0,   0,
       0,   0,   0,   0,   0,
"#----------------------------------------",
"#vs 持ち駒 1P飛x0～2",
"#----------------------------------------",
       0,   0,   0,
       0,   0,   0,
       0,   0,   0,
       0,   0,   0,
       0,   0,   0,
"#----------------------------------------",
"#vs 持ち駒 1P角x0～2",
"#----------------------------------------",
       0,   0,   0,
       0, 657,   0,
       0,   0,   0,
       0,   0,   0,
       0,   0,   0,
"#----------------------------------------",
"#vs 持ち駒 2P歩x0～18",
"#----------------------------------------",
       0,   0,   0,   0,   0,   0,   0,   0,   0,   0,   0,   0,   0,   0,   0,   0,   0,   0,   0,
       0,-281,-286,   0,   0,   0,   0,   0,   0,   0,   0,   0,   0,   0,   0,   0,   0,   0,   0,
       0,   0,   0,   0,   0,   0,   0,   0,   0,   0,   0,   0,   0,   0,   0,   0,   0,   0,   0,
       0,   0,   0,   0,   0,   0,   0,   0,   0,   0,   0,   0,   0,   0,   0,   0,   0,   0,   0,
       0,   0,   0,   0,   0,   0,   0,   0,   0,   0,   0,   0,   0,   0,   0,   0,   0,   0,   0,
"#----------------------------------------",
"#vs 持ち駒 2P香x0～5",
"#----------------------------------------",
       0,   0,   0,   0,   0,
       0,   0,   0,   0,   0,
       0,   0,   0,   0,   0,
       0,   0,   0,   0,   0,
       0,   0,   0,   0,   0,
"#----------------------------------------",
"#vs 持ち駒 2P桂x0～5",
"#----------------------------------------",
       0,   0,   0,   0,   0,
       0, 965,   0,   0,   0,
       0,   0,   0,   0,   0,
       0,   0,   0,   0,   0,
       0,   0,   0,   0,   0,
"#----------------------------------------",
"#vs 持ち駒 2P銀x0～5",
"#----------------------------------------",
       0,   0,   0,   0,   0,
       0, 964,   0,   0,   0,
       0,   0,   0,   0,   0,
       0,   0,   0,   0,   0,
       0,   0,   0,   0,   0,
"#----------------------------------------",
"#vs 持ち駒 2P金x0～5",
"#----------------------------------------",
       0,   0,   0,   0,   0,
       0,   0,   0,   0,   0,
       0,   0,   0,   0,   0,
       0,   0,   0,   0,   0,
       0,   0,   0,   0,   0,
"#----------------------------------------",
"#vs 持ち駒 2P飛x0～2",
"#----------------------------------------",
       0,   0,   0,
       0,-281,   0,
       0,   0,   0,
       0,   0,   0,
       0,   0,   0,
"#----------------------------------------",
"#vs 持ち駒 2P角x0～2",
"#----------------------------------------",
       0,   0,   0,
       0, 964,   0,
       0,   0,   0,
       0,   0,   0,
       0,   0,   0,
